,Method,Training MSE,Training R2,Test MSE,Test R2
0,Linear Regression,0.1227030719587691,0.03563644701920632,0.12222942962229408,0.03763560994531778
